1,拜糖苹,亚莫利,拜阿司匹林,怡开,洛丁新,可定,钙尔奇d,,,,,,,,,,,
2,安博维,波依定,拜阿司匹林,格华止,捷诺维,来得时,阿法迪三,钙尔奇d,金水宝,,,,,,,,,
3,格华止,拜糖苹,瑞易宁,诺和平,立普妥,安博维,倍他乐克缓释片,拜阿司匹林,络活喜,甲钴胺片,怡开,,,,,,,
4,拜复乐,拜糖平,诺和锐,依姆多,立普妥,倍他乐克缓释片,拜新同,波利维,信卫安,力蜚能,保列治,钙尔奇d,,,,,,
5,格华止,甲钴胺片,开瑞坦,,,,,,,,,,,,,,,
6,利加隆,万爽力,迈之灵,阿法迪三,怡开,二甲双胍,可乐必妥,,,,,,,,,,,
7,亚莫利,拜糖平,捷诺维,二甲双胍,代文,立普妥,拜阿司匹林,,,,,,,,,,,
8,诺和锐,,,,,,,,,,,,,,,,,
9,拜糖苹,诺和龙,捷诺维,络活喜,可多华,醋酸泼尼松,金水宝,,,,,,,,,,,
10,格华止,诺和锐,立普妥,唐林,甲钴胺片,贝前列素钠,,,,,,,,,,,,
11,拜糖苹,格华止,阿法迪三,拜阿司匹林,怡开,诺和锐,诺和平,,,,,,,,,,,
12,拜糖平,亚莫利,二甲双胍,立普妥,拜阿司匹林,阿法迪三,,,,,,,,,,,,
13,诺和锐,诺和平,拜糖苹,代文,波依定,立普妥,拜阿司匹林,奥克,怡开,阿法迪三,,,,,,,,
14,拜糖苹,二甲双胍,阿法迪三,代文,再宁平,,,,,,,,,,,,,
15,诺和锐,来得时,弥可保,立普妥,波利维,波利特,,,,,,,,,,,,
16,格华止,瑞易宁,代文,怡开,立普妥,碳酸氢钠片,阿法迪三,,,,,,,,,,,
17,拜糖平,优泌乐,立普妥,弥可保,贝前列腺素钠,,,,,,,,,,,,,
18,诺和锐,诺和平,哈乐,倍他乐克,伲福达,可定,万爽力,依姆多,,,,,,,,,,
19,诺和锐,拜糖苹,格华止,络活喜,怡开,,,,,,,,,,,,,
20,二甲双胍,,,,,,,,,,,,,,,,,
21,诺和平,拜糖苹,格华止,,,,,,,,,,,,,,,
22,诺和锐,拜糖苹,代文,碳酸钙d,,,,,,,,,,,,,,
23,拜糖苹,格华止,亚莫利,阿法迪三,,,,,,,,,,,,,,
24,格华止,诺和锐,来得时,怡开,弥可保,,,,,,,,,,,,,
25,格华止,亚莫利,阿法迪三,,,,,,,,,,,,,,,
26,来得时,诺和锐,格华止,代文,立普妥,弥可保,,,,,,,,,,,,
27,诺和锐,碳酸钙d,阿法迪三,利加隆,易善复,,,,,,,,,,,,,
28,拜糖苹,达美康,安博维,奥克,怡开,,,,,,,,,,,,,
29,诺和平,诺和锐,二甲双胍,安博维,络活喜,唐林,怡开,拜阿司匹林,脑心通,立普妥,,,,,,,,
30,诺和锐,来得时,立普妥,,,,,,,,,,,,,,,
31,格列美脲片,阿卡波糖,阿法迪三,甲钴胺,胰激肽原酶肠溶片,,,,,,,,,,,,,
32,诺和锐,捷诺维,格华止,可定,美卡素,拜阿司匹林,怡开,弥可保,,,,,,,,,,
33,诺和锐,来得时,,,,,,,,,,,,,,,,
34,诺和锐,诺和平,立普妥,怡开,阿法迪三,波利维,依姆多,雷贝拉唑,,,,,,,,,,
35,波依定,立普妥,亚莫利,格华止,,,,,,,,,,,,,,
36,波依定,倍他乐克缓释片,立普妥,诺和锐,诺和平,,,,,,,,,,,,,
37,诺和锐,诺和平,阿司匹林,双嘧达莫,易善复,门冬氨酸鸟氨酸颗粒剂,,,,,,,,,,,,
38,二甲双胍,沐舒坦,克咳胶囊,,,,,,,,,,,,,,,
39,诺和锐,拜糖苹,代文,络活喜,金水宝,黄葵胶囊,保肾康,弥可保,拜阿司匹林,泰嘉,银杏叶片,立普妥,阿法迪三,,,,,
40,格华止,易善复,怡开,,,,,,,,,,,,,,,
41,拜糖平,诺和龙,立普妥,胰激肽原酶肠溶片,,,,,,,,,,,,,,
42,格华止,诺和龙,罗盖全,碳酸钙d,立普妥,,,,,,,,,,,,,
43,倍他乐克,纳催离,依那普利,舒降之,欣康,拜阿司匹林,格华止,怡开,弥可保,,,,,,,,,
44,诺和锐,赛治,怡开,贝前列素钠,弥可保,科素亚,保列治,导升明,阿法迪三,,,,,,,,,
45,诺和锐,拜糖苹,格华止,立普妥,拜阿司匹林,金水宝,黄葵胶囊,,,,,,,,,,,
46,格华止,立普妥,诺和平,,,,,,,,,,,,,,,
47,优泌林,拜糖平,拜阿司匹林,波利维,立普妥,拜新同,洛汀新,倍他乐克,哈乐,,,,,,,,,
48,格华止,立普妥,,,,,,,,,,,,,,,,
49,门冬胰岛素,甘精胰岛素,格华止,拜阿司匹林,日夜百服宁,,,,,,,,,,,,,
50,黄葵胶囊,金水宝,开同,波立维,拜新同,代文,怡开,立普妥,拜糖平,诺和锐,依姆多,,,,,,,
51,百泌达,诺和平,格华止,拜阿司匹林,阿法迪三,立普妥,依姆多,安博诺,络活喜,倍他乐克缓释片,奥克,,,,,,,
52,诺和平,达美康,拜糖苹,美卓乐,雷公藤多苷片,立普妥,耐信,,,,,,,,,,,
53,格华止,立普妥,,,,,,,,,,,,,,,,
54,诺和锐,拜糖苹,立普妥,拜阿司匹林,雷替斯,,,,,,,,,,,,,
55,安立泽,诺和龙,二甲双胍,诺和平,科素亚,阿法迪三,立普妥,拜阿司匹林,,,,,,,,,,
56,门冬胰岛素,拜新同,立普妥,拜阿司匹林,阿法骨化醇软胶囊,开同,,,,,,,,,,,,
57,格华止,立普妥,氯吡格雷,雷贝拉唑,,,,,,,,,,,,,,
58,诺和锐,络活喜,唐林,弥可保,贝前列素钠,信卫安,,,,,,,,,,,,
59,格华止,拜糖苹,瑞易宁,安立泽,怡开,,,,,,,,,,,,,
60,格华止,立普妥,诺和平,,,,,,,,,,,,,,,
61,亚莫利,拜糖苹,络活喜,安博维,立普妥,贝前列素钠,,,,,,,,,,,,
62,格华止,亚莫利,阿托伐他汀钙片,代文,倍他乐克缓释片,阿法迪三,,,,,,,,,,,,
63,格华止,亚莫利,,,,,,,,,,,,,,,,
64,诺和龙,捷诺维,格华止,阿法迪三,代文,拜阿司匹林,,,,,,,,,,,,
65,亚莫利,阿卡波糖,来得时,立普妥,雅施达,金水宝,,,,,,,,,,,,
66,诺和锐,弥可保,唐林,怡开,金水宝,黄葵,拜复乐,利加隆,,,,,,,,,,
67,来得时,达美康,唐林,怡开,加斯清,弥可保,,,,,,,,,,,,
68,格华止,立普妥,碳酸钙片,阿法迪三,,,,,,,,,,,,,,
69,诺和平,拜糖苹,格华止,捷诺维,怡开,,,,,,,,,,,,,
70,格华止,来得时,怡开,弥可保,,,,,,,,,,,,,,
71,诺和锐,阿卡波糖,立普妥,代文,金水宝,拜阿司匹林,弥可保,,,,,,,,,,,
72,诺和锐,格华止,溴隐亭,怡开,,,,,,,,,,,,,,
73,优泌乐,,,,,,,,,,,,,,,,,
74,立普妥,诺和龙,拜糖苹,来得时,,,,,,,,,,,,,,
75,来得时,诺和锐,立普妥,,,,,,,,,,,,,,,
76,亚莫利,二甲双胍,拜阿司匹林,波立维,代文,倍他乐克缓释片,,,,,,,,,,,,
77,二甲双胍,拜糖平,诺和锐,诺和平,拜阿司匹林,立普妥,,,,,,,,,,,,
78,来得时,拜糖平,亚莫利,捷诺维,代文,怡开,吗丁啉,,,,,,,,,,,
79,格华止,,,,,,,,,,,,,,,,,
80,门冬胰岛素,来得时,善存,,,,,,,,,,,,,,,
81,诺和平,瑞易宁,二甲双胍,,,,,,,,,,,,,,,
82,博苏,拜阿司匹林,甲钴胺,贝前列素钠,阿卡波糖,诺和龙,培菲康,,,,,,,,,,,
83,诺和龙,拜糖苹,怡开,立普妥,金水宝,利可君,地榆升白片,,,,,,,,,,,
84,诺和锐,诺和平,格华止,,,,,,,,,,,,,,,
85,格华止,瑞易宁,代文,络活喜,拜阿司匹林,阿莫仙,诺和平,,,,,,,,,,,
86,二甲双胍,易善复,,,,,,,,,,,,,,,,
87,门冬胰岛素,来得时,雷替斯,,,,,,,,,,,,,,,
88,格华止,诺和平,安博诺,立普妥,,,,,,,,,,,,,,
89,格华止,诺和龙,来得时,立普妥,代文,拜阿司匹林,怡开,,,,,,,,,,,
90,格华止,拜糖苹,立普妥,来得时,诺和锐,怡开,弥可保,金水宝,代文,易善复,利加隆,,,,,,,
91,二甲双胍,亚莫利,优甲乐,弥可保,阿法迪三,碳酸钙d,,,,,,,,,,,,
92,诺和锐,诺和平,欧唐宁,安博维,开瑞坦,顺尔宁,,,,,,,,,,,,
93,诺和锐,诺和平,,,,,,,,,,,,,,,,
94,诺和锐,诺和平,安博维,可乐必妥,,,,,,,,,,,,,,
95,拜糖平,优泌乐,益适纯,阿法迪三,甲钴胺片,易善复,,,,,,,,,,,,
96,诺和锐,诺和平,钙尔奇d,,,,,,,,,,,,,,,
97,格华止,瑞易宁,拜阿司匹林,立普妥,洛汀新,,,,,,,,,,,,,
98,二甲双胍,甘舒霖,代文,溴隐亭,立普妥,,,,,,,,,,,,,
99,拜糖平,阿普唑仑,,,,,,,,,,,,,,,,
100,诺和锐,二甲双胍,怡开,,,,,,,,,,,,,,,
101,诺和锐,来得时,立普妥,阿法迪三,碳酸钙d,可乐必妥,,,,,,,,,,,,
102,格华止,亚莫利,络活喜,代文,阿司匹林,立普妥,阿法迪三,钙尔奇d,,,,,,,,,,
103,诺和锐,诺和平,,,,,,,,,,,,,,,,
104,诺和锐,怡开,弥可保,科素亚,保列治,贝前列素钠,赛治,导升明,拜复乐,阿法迪三,,,,,,,,
105,格华止,施慧达,代文,立普妥,金水宝,,,,,,,,,,,,,
106,拜阿司匹林,立普妥,格华止,达美康,波依定,,,,,,,,,,,,,
107,格华止,安立泽,可定,阿司匹林,弥可保,,,,,,,,,,,,,
108,来得时,安立泽,拜糖苹,诺和龙,,,,,,,,,,,,,,
109,二甲双胍,立普妥,怡开,拜阿司匹林,钙尔奇d,阿法迪三,,,,,,,,,,,,
110,诺和锐,来得时,拜糖苹,立普妥,弥可保,开同,科素亚,,,,,,,,,,,
111,诺和锐,诺和平,,,,,,,,,,,,,,,,
112,格华止,诺和锐,代文,立普妥,怡开,弥可保,,,,,,,,,,,,
113,门冬胰岛素,速力菲,益比奥,立普妥,拜阿司匹林,开同,呋塞米片,阿法迪三,可多华,复方硫酸双肼屈嗪片,络活喜,代文,万爽力,碳酸氢钠片,,,,
114,拜糖苹,阿法迪三,立普妥,奥克,日夜百服宁,,,,,,,,,,,,,
115,捷诺维,拜糖平,诺和龙,来得时,甲钴胺片,倍他乐克缓释片,拜新同,阿法迪三,立普妥,波立维,培达,,,,,,,
116,二甲双胍,捷诺维,导升明,,,,,,,,,,,,,,,
117,诺和锐,来得时,格华止,立普妥,希刻劳,可乐必妥,,,,,,,,,,,,
118,诺和锐,格华止,拜糖平,立普妥,,,,,,,,,,,,,,
119,诺和锐,来得时,格华止,络活喜,碳酸钙d,罗盖全,西乐葆,普瑞巴林,弥可保,欣百达,氯硝西泮,,,,,,,
120,诺和锐,来得时,格华止,,,,,,,,,,,,,,,
121,来得时,达美康,格华止,拜阿司匹林,奥克,怡开,,,,,,,,,,,,
122,诺和平,瑞易宁,拜糖苹,弥可保,,,,,,,,,,,,,,
123,诺和锐,诺和平,,,,,,,,,,,,,,,,
124,诺和锐,诺和平,钙尔奇d,力蜚能,,,,,,,,,,,,,,
125,洛汀新,络活喜,倍他乐克,拜阿司匹林,瑞易宁,立普妥,拜糖平,弥可保,怡开,,,,,,,,,
126,瑞易宁,格华止,拜阿司匹林,立普妥,,,,,,,,,,,,,,
127,诺和锐,来得时,,,,,,,,,,,,,,,,
128,诺和锐,来得时,欧唐宁,代文,倍他乐克,络活喜,拜阿司匹林,立普妥,弥可保,金水宝,黄葵,开同,,,,,,
129,达美康,拜糖苹,欧唐宁,代文,拜阿司匹林,怡开,立普妥,敏使朗,尼莫同,尼麦角林,,,,,,,,
130,来得时,格华止,瑞易宁,波依定,安博维,拜阿司匹林,立普妥,,,,,,,,,,,
131,优泌乐,拜糖苹,安立泽,,,,,,,,,,,,,,,
132,格华止,,,,,,,,,,,,,,,,,
133,拜糖苹,雅施达,拜新同,怡开,力平之,优甲乐,开同,,,,,,,,,,,
134,波依定,阿法迪三,拜阿司匹林,,,,,,,,,,,,,,,
135,格华止,阿法迪三,碳酸钙d,压氏达,,,,,,,,,,,,,,
136,来得时,格华止,拜糖苹,捷诺维,怡开,,,,,,,,,,,,,
137,诺和锐,拜糖苹,拜糖苹,科素亚,醋酸泼尼松,,,,,,,,,,,,,
138,瑞易宁,格华止,立普妥,,,,,,,,,,,,,,,
139,来得时,弥可保,诺和龙,格华止,安立泽,,,,,,,,,,,,,
140,弥可保,怡开,,,,,,,,,,,,,,,,
141,拜糖平,,,,,,,,,,,,,,,,,
142,亚莫利,安立泽,诺和平,雷替斯,立普妥,万爽力,螺内酯,呋塞米,耐信,可乐必妥,开瑞坦,顺尔宁,,,,,,
143,亚莫利,拜糖苹,弥可保,倍他乐克缓释片,开瑞坦,华法林钠片,呋喃硫胺片,优甲乐,,,,,,,,,,
144,格华止,,,,,,,,,,,,,,,,,
145,格华止,,,,,,,,,,,,,,,,,
146,格华止,瑞易宁,立普妥,拜阿司匹林,,,,,,,,,,,,,,
147,拜糖苹,诺和灵,卡托普利,拜新同,纳催离,弥可保,怡开,拜阿司匹林,立普妥,,,,,,,,,
148,拜糖苹,怡开,复合维生素b片,拜阿司匹林,立普妥,阿法迪三,钙尔奇d,诺和锐,来得时,唐林,弥可保,迭力,,,,,,
149,拜糖苹,诺和锐,代文,弥可保,怡开,,,,,,,,,,,,,
150,来得时,亚莫利,捷诺维,格华止,立普妥,拜阿司匹林,代文,,,,,,,,,,,
151,格华止,百泌达,易善复,水飞蓟片,,,,,,,,,,,,,,
152,诺和锐,来得时,欧糖宁,金水宝,开同,代文,倍他乐克,波利维,立普妥,弥可保,,,,,,,,
153,诺和锐,捷诺维,格华止,络活喜,代文,怡开,弥可保,,,,,,,,,,,
154,诺和锐,来得时,格华止,立普妥,代文,苯磺酸左旋氨氯地平片,,,,,,,,,,,,
155,格华止,瑞易宁,立普妥,,,,,,,,,,,,,,,
156,诺和锐,来得时,立普妥,代文,,,,,,,,,,,,,,
157,欧唐宁,优泌乐,代文,,,,,,,,,,,,,,,
158,格华止,亚莫利,,,,,,,,,,,,,,,,
159,诺和锐,来得时,阿法迪三,碳酸钙片,格华止,,,,,,,,,,,,,
160,诺和锐,来得时,甲硝唑,,,,,,,,,,,,,,,
161,诺和平,代文,瑞易宁,捷诺维,格华止,立普妥,弥可保,怡开,,,,,,,,,,
162,格华止,拜糖苹,,,,,,,,,,,,,,,,
163,诺和锐,拜糖苹,立普妥,拜阿司匹林,缬沙坦氨氯地平,欣康,倍他乐克,弥可保,怡开,,,,,,,,,
164,格华止,瑞易宁,,,,,,,,,,,,,,,,
165,格华止,拜糖苹,代文,安立泽,来得时,立普妥,诺和锐,拜阿司匹林,,,,,,,,,,
166,格华止,诺和锐,拜阿司匹林,立普妥,依帕司他,金水宝,,,,,,,,,,,,
167,格华止,可定,拜阿司匹林,倍他乐克,络活喜,雅施达,弥可保,怡开,,,,,,,,,,
168,格华止,诺和锐,阿莫仙,诺邦,波利特,倍博特,,,,,,,,,,,,
169,格华止,拜阿司匹林,立普妥,,,,,,,,,,,,,,,
170,来得时,诺和锐,达喜,奥克,怡开,吗丁啉,,,,,,,,,,,,
171,格华止,糖适平,卡搏平,,,,,,,,,,,,,,,
172,格华止,亚莫利,拜糖苹,安博维,优甲乐,易善复,,,,,,,,,,,,
173,诺和力,格华止,拜糖苹,,,,,,,,,,,,,,,
174,格华止,达美康,拜阿司匹林,立普妥,弥可保,哈乐,地奥司明片,,,,,,,,,,,
175,格华止,安立泽,拜糖苹,诺和平,碳酸钙片,阿法迪三,,,,,,,,,,,,
176,达美康,格华止,阿卡波糖,诺和平,代文,倍他乐克缓释片,,,,,,,,,,,,
177,格华止,拜糖苹,亚莫利,安立泽,来得时,弥可保,唐林,,,,,,,,,,,
178,来得时,诺和锐,,,,,,,,,,,,,,,,
179,格华止,达美康,,,,,,,,,,,,,,,,
180,瑞易宁,捷诺维,格华止,来得时,波立维,金水宝,,,,,,,,,,,,
181,格华止,拜阿司匹林,立普妥,,,,,,,,,,,,,,,
182,格华止,胃复春,,,,,,,,,,,,,,,,
183,溴隐亭,,,,,,,,,,,,,,,,,
184,诺和平,拜糖苹,达美康,立普妥,,,,,,,,,,,,,,
185,格华止,诺和锐,易善复,头孢地尼,,,,,,,,,,,,,,
186,格华止,捷诺维,,,,,,,,,,,,,,,,
187,诺和锐,百赛诺,易善复,拜糖苹,弥可保,复合维生素b片,利加隆,,,,,,,,,,,
188,诺和锐,唐林,金水宝,胃苏颗粒,保列治,桑塔,,,,,,,,,,,,
189,倍博特,格华止,拜阿司匹林,立普妥,阿法迪三,,,,,,,,,,,,,
190,达美康,格华止,,,,,,,,,,,,,,,,
191,格华止,亚莫利,诺和平,代文,伲福达,易善复,利加隆,泰嘉,立普妥,导升明,,,,,,,,
192,代文,阿司匹林,立普妥,格华止,捷诺维,哈乐,倍他乐克缓释片,,,,,,,,,,,
193,诺和锐,来得时,立普妥,阿法迪三,钙尔奇d,优甲乐,,,,,,,,,,,,
194,格华止,达美康,捷诺维,导升明,,,,,,,,,,,,,,
195,诺和灵,二甲双胍,阿卡波糖,厄贝沙坦,迈之灵,贝前列素钠,立普妥,头孢克洛胶囊,,,,,,,,,,
196,来得时,格华止,阿法迪三,钙尔奇,,,,,,,,,,,,,,
197,拜糖苹,络活喜,万爽力,,,,,,,,,,,,,,,
198,诺和锐,诺和平,,,,,,,,,,,,,,,,
199,诺和锐,格华止,捷诺维,导升明,加巴喷丁,阿米替林,安康信,贝前列腺素钠片,复合维生素b片,,,,,,,,,
200,拜糖苹,达美康,来得时,立普妥,怡开,万爽力,弥可保,金水宝,银杏叶片,,,,,,,,,
201,拜阿司匹林,格华止,百泌达,,,,,,,,,,,,,,,
202,诺和平,亚莫利,格华止,拜糖平,佳维乐,络活喜,,,,,,,,,,,,
203,百泌达,诺和平,格华止,拜阿司匹林,阿法迪三,立普妥,依姆多,安博维,络活喜,倍他乐克缓释片,奥克,,,,,,,
204,拜糖苹,达美康,代文,,,,,,,,,,,,,,,
205,诺和锐,安博维,波依定,弥可保,,,,,,,,,,,,,,
206,拜新同,诺和平,诺和锐,,,,,,,,,,,,,,,
207,来得时,诺和锐,弥可保,善存,,,,,,,,,,,,,,
208,拜糖苹,达美康,诺和平,倍他乐克,洛汀新,氯氮平,益心舒,护肝宁,,,,,,,,,,
209,拜糖苹,波依定,阿法迪三,碳酸钙d,,,,,,,,,,,,,,
210,格华止,弥可保,力平之,利加隆,易善复,代文,,,,,,,,,,,,
211,诺和锐,诺和平,阿法迪三,碳酸钙d,福善美,奥克,加斯清,弥可保,优甲乐,,,,,,,,,
212,诺和灵,拜糖平,怡开,安搏维,络活喜,拜阿斯匹林,舒降之,,,,,,,,,,,
213,拜糖苹,诺和灵,弥可保,唐林,导升明,科素亚,立普妥,拜阿司匹林,开同,黄葵胶囊,尔同舒,碳酸氢钠片,力蜚能,,,,,
214,诺和锐,诺和平,,,,,,,,,,,,,,,,
215,阿司匹林,立普妥,络活喜,碳酸钙d,阿法迪三,拜糖平,诺和龙,诺和平,,,,,,,,,,
216,格华止,可定,导升明,,,,,,,,,,,,,,,
217,诺和锐,格华止,怡开,弥可保,阿法迪三,,,,,,,,,,,,,
218,二甲双胍,阿托伐他汀,拜新同,安博维,金水宝,,,,,,,,,,,,,
219,诺和平,诺和锐,拜糖平,罗盖全,钙尔奇,可定,科素亚,倍他乐克,呋塞米,雷替斯,顺尔宁,,,,,,,
220,诺和锐,格华止,络活喜,立普妥,补达秀,,,,,,,,,,,,,
221,来得时,拜糖苹,福善美,阿法迪三,碳酸钙d,迈之灵,补达秀,,,,,,,,,,,
222,格华止,拜糖平,立普妥,,,,,,,,,,,,,,,
223,诺和锐,波依定,倍他乐克缓释片,利加隆,,,,,,,,,,,,,,
224,诺和锐,诺和平,阿托伐他汀钙片,阿法迪三,碳酸钙d,雷替斯,,,,,,,,,,,,
225,诺和锐,来得时,,,,,,,,,,,,,,,,
226,门冬胰岛素,地特胰岛素,,,,,,,,,,,,,,,,
227,阿法迪三,,,,,,,,,,,,,,,,,
228,诺和锐,甘精胰岛素,赛治,,,,,,,,,,,,,,,
229,科素亚,拜糖平,,,,,,,,,,,,,,,,
230,诺和锐,来得时,拜糖苹,络活喜,立普妥,拜阿司匹林,贝前列素钠,弥可保,,,,,,,,,,
231,地特胰岛素,,,,,,,,,,,,,,,,,
232,达美康,二甲双胍,立普妥,优甲乐,怡开,,,,,,,,,,,,,
233,立普妥,格华止,科素亚,拜阿司匹林,,,,,,,,,,,,,,
234,格华止,罗盖全,钙尔奇d,福善美,弥可保,立普妥,,,,,,,,,,,,
235,拜糖苹,阿法迪三,钙尔奇d,,,,,,,,,,,,,,,
236,来得时,诺和锐,拜糖苹,敏使朗,,,,,,,,,,,,,,
237,格华止,钙尔奇,阿法迪三,福善美,,,,,,,,,,,,,,
238,诺和锐,来得时,倍他乐克,氯沙坦钾,利加隆,易善复,地榆升白片,利可君,,,,,,,,,,
239,诺和锐,奥克,达喜,莫沙必利,,,,,,,,,,,,,,
240,利那鲁肽,格华止,倍博特,,,,,,,,,,,,,,,
241,二甲双胍,力平之,利加隆,易善复,,,,,,,,,,,,,,
242,诺和平,百泌达,格华止,拜糖苹,倍他乐克缓释片,络活喜,代文,力平之,,,,,,,,,,
243,诺和锐,诺和平,钙尔奇d,弥可保,怡开,优思弗,易善复,利加隆,,,,,,,,,,
244,达美康,拜糖平,格华止,络活喜,安博诺,万爽力,弥可保,唐林,立普妥,,,,,,,,,
245,达美康,格华止,,,,,,,,,,,,,,,,
246,拜糖平,诺和灵,诺和灵,拜阿司匹林,立普妥,海捷亚,拜新同,倍他乐克,,,,,,,,,,
247,速力菲,立普妥,拜阿司匹林,开同,呋塞米片,阿法迪三,可多华,复方硫酸双肼屈嗪片,络活喜,万爽力,碳酸氢钠片,,,,,,,
248,诺和平,诺和锐,二甲双胍,培多普利,络活喜,立普妥,碳酸钙,,,,,,,,,,,
249,达美康,格华止,络活喜,易善复,,,,,,,,,,,,,,
250,诺和锐,来得时,拜糖苹,波依定,洛汀新,立普妥,唐林,弥可保,,,,,,,,,,
251,格华止,拜糖平,弥可保,唐林,,,,,,,,,,,,,,
252,格华止,倍他乐克,立普妥,拜阿司匹林,弥可保,唐林,,,,,,,,,,,,
253,拜糖苹,诺和灵,弥可保,唐林,导升明,科素亚,立普妥,拜阿司匹林,开同,黄葵胶囊,尔同舒,碳酸氢钠片,力蜚能,,,,,
254,诺和锐,格华止,拜糖平,怡开,可定,,,,,,,,,,,,,
255,二甲双胍,格列美脲,捷诺维,拜新同,代文,甲钴胺,硫辛酸,唐林,普瑞巴林,氯硝西泮,导升明,芪明颗粒,,,,,,
256,诺和锐,格华止,来得时,莫西沙星,易善复,怡开,,,,,,,,,,,,
257,拜糖平,安博维,,,,,,,,,,,,,,,,
258,立普妥,亚莫利,拜糖平,格华止,碳酸氢钠片,弥可保,,,,,,,,,,,,
259,二甲双胍,安博维,拜阿司匹林,立普妥,怡开,金水宝,易善复,,,,,,,,,,,
260,络活喜,安博维,格华止,易善复,,,,,,,,,,,,,,
261,诺和龙,雷替斯,氟伐他汀,酮替芬,,,,,,,,,,,,,,
262,来得时,诺和锐,拜新同,代文,,,,,,,,,,,,,,
263,门冬胰岛素,,,,,,,,,,,,,,,,,
264,格华止,达美康,络活喜,立普妥,丙硫氧嘧啶,哈乐,顺尔宁,希刻劳,沐舒坦,,,,,,,,,
265,诺和锐,诺和平,,,,,,,,,,,,,,,,
266,甘精胰岛素,门冬胰岛素,阿卡波糖,力蜚能,,,,,,,,,,,,,,
267,罗盖全,拜糖苹,诺和锐,,,,,,,,,,,,,,,
268,诺和锐,诺和平,利加隆,易善复,百赛诺,,,,,,,,,,,,,
269,格华止,易善复,,,,,,,,,,,,,,,,
270,来得时,格华止,立普妥,钙尔奇,阿法迪三,雷替斯,,,,,,,,,,,,
271,诺和锐,诺和平,倍他乐克缓释片,拜阿司匹林,瑞舒伐他汀,复方α酮酸,阿法骨化醇,,,,,,,,,,,
272,诺和锐,来得时,,,,,,,,,,,,,,,,
273,诺和锐,来得时,拜糖平,弥可保,善存,可定,,,,,,,,,,,,
274,格华止,易善复,力平之,银杏叶片,,,,,,,,,,,,,,
275,诺和锐,拜糖平,阿法迪三,钙尔奇,,,,,,,,,,,,,,
276,拜糖苹,捷诺维,阿法d3,格列美脲片,格华止,来得时,阿米替林,,,,,,,,,,,
277,格华止,拜糖苹,阿法迪三,弥可保,贝前列腺素钠,,,,,,,,,,,,,
278,诺和龙,拜糖苹,立普妥,拜阿司匹林,阿法迪三,钙尔奇d,福善美,弥可保,唐林,怡开,,,,,,,,
279,来得时,罗盖全,可定,,,,,,,,,,,,,,,
280,诺和锐,拜糖苹,捷诺维,亚莫利,怡开,安博维,阿法迪三,来适可,易善复,雷贝拉唑,,,,,,,,
281,诺和锐,捷诺维,立普妥,拜阿司匹林,科素亚,来得时,,,,,,,,,,,,
282,安立泽,格华止,立普妥,利加隆,弥可保,,,,,,,,,,,,,
283,格华止,弥可保,,,,,,,,,,,,,,,,
284,格华止,力平之,易善复,,,,,,,,,,,,,,,
285,甘精胰岛素,诺和锐,阿卡波糖,碳酸钙d,阿法骨化醇,甲钴胺,安博维,络活喜,,,,,,,,,,
286,格华止,拜糖苹,亚莫利,弥可保,怡开,金水宝,立普妥,,,,,,,,,,,
287,格华止,弥可保,钙尔奇d,阿法迪三,福善美,立普妥,,,,,,,,,,,,
288,优泌乐,,,,,,,,,,,,,,,,,
289,诺和锐,格华止,拜糖苹,弥可保,唐林,贝前列素那,厄贝沙坦,波立维,立普妥,,,,,,,,,
290,诺和锐,甘精胰岛素,阿卡波糖,阿法骨化醇,优甲乐,,,,,,,,,,,,,
291,格华止,导升明,阿法迪三,碳酸钙d,硝苯地平缓释片,弥可保,立普妥,枸橼酸莫沙比利,,,,,,,,,,
292,格华止,捷诺维,拜糖苹,来得时,立普妥,倍他乐克缓释片,依姆多,万爽力,阿司匹林,,,,,,,,,
293,格华止,安博维,雷替斯,易善复,,,,,,,,,,,,,,
294,来得时,诺和龙,二甲双胍,安博维,立普妥,钙尔奇,,,,,,,,,,,,
295,诺和锐,来得时,拜糖平,弥可保,贝前列素钠,阿米替林,,,,,,,,,,,,
296,诺和平,诺和锐,易善复,利加隆,,,,,,,,,,,,,,
297,来得时,拜糖平,钙尔奇d,阿法迪三,福善美,,,,,,,,,,,,,
298,拜糖苹,拜糖苹,诺和锐,立普妥,拜阿司匹林,唐林,醋酸泼尼松,,,,,,,,,,,
299,诺和锐,诺和平,倍他乐克缓释片,益适纯,万爽力,科素亚,优甲乐,阿法迪三,易善复,,,,,,,,,
300,诺和平,格华止,拜糖苹,导升明,百泌达,代文,拜阿司匹林,,,,,,,,,,,
301,奥克,培菲康,补达秀,利加隆,阿法迪三,,,,,,,,,,,,,
302,优泌乐,阿卡波糖,苯磺酸左氨氯地平,氯吡格雷,,,,,,,,,,,,,,
303,来得时,格华止,达美康,辛伐他汀,,,,,,,,,,,,,,
304,优泌乐,二甲双胍,络活喜,安博维,阿法迪三,碳酸钙d,保肾康,呋塞米,,,,,,,,,,
305,捷诺维,格华止,立普妥,,,,,,,,,,,,,,,
306,拜阿司匹林,易善复,捷诺维,倍博特,格华止,,,,,,,,,,,,,
307,格华止,安立泽,,,,,,,,,,,,,,,,
308,百泌达,格华止,诺和平,倍搏特,力平之,易善复,拜阿斯匹林,阿法迪三,,,,,,,,,,
309,格华止,络活喜,科素亚,钙尔奇d,阿法迪三,,,,,,,,,,,,,
310,捷诺维,亚莫利,碳酸钙d,阿法骨化醇,密钙息鼻喷剂,福善美,甲钴胺,,,,,,,,,,,
311,易善复,利加隆,百泌达,格华止,,,,,,,,,,,,,,
312,瑞易宁,格华止,立普妥,阿法迪三,,,,,,,,,,,,,,
313,拜糖苹,亚莫利,安立泽,格华止,立普妥,弥可保,唐林,,,,,,,,,,,
314,立普妥,代文,拜阿司匹林,利加隆,易善复,阿魏酸哌嗪片,格华止,,,,,,,,,,,
315,拜糖苹,捷诺维,诺和锐,代文,拜阿司匹林,波利维,兰索拉唑,依姆多,万爽力,,,,,,,,,
316,拜糖平,阿法迪三,钙尔奇d,倍他乐克缓释片,拜新同,代文,依姆多,呋塞米,螺内酯,氯化钾缓释片,拜阿司匹林,易善复,利加隆,,,,,
317,二甲双胍,立普妥,怡开,,,,,,,,,,,,,,,
318,格华止,亚莫利,拜糖苹,来得时,代文,络活喜,立普妥,拜阿司匹林,依姆多,弥可保,贝前列素钠,,,,,,,
319,利加隆,易善复,格华止,来得时,络活喜,安博维,,,,,,,,,,,,
320,来得时,拜糖苹,糖适平,倍他乐克缓释片,拜阿司匹林,泰嘉,可定,奥克,弥可保,唐林,碳酸钙d,阿法迪三,,,,,,
321,达美康,拜糖苹,弥可保,喜普妙,氯硝西泮,力平之,碳酸氢钠片,皿治林,,,,,,,,,,
322,雷贝拉唑,钙尔奇d,阿法迪三,哈乐,立普妥,门冬胰岛素,拜糖苹,,,,,,,,,,,
323,格华止,,,,,,,,,,,,,,,,,
324,诺和平,诺和锐,罗盖全,钙尔奇d,弥可保,,,,,,,,,,,,,
325,诺和锐,碳酸钙d,阿法迪三,利加隆,易善复,百赛诺,络活喜,,,,,,,,,,,
326,格华止,利加隆,力平之,尔同舒,碳酸氢钠片,,,,,,,,,,,,,
327,来得时,格华止,导升明,亚莫利,拜糖苹,弥可保,阿司匹林,波立维,依姆多,倍他乐克,可定,缬沙坦,,,,,,
328,达美康,二甲双胍,佳维乐,易善复,利加隆,,,,,,,,,,,,,
329,络活喜,安博诺,格华止,亚莫利,立普妥,卡博平,碳酸氢钠片,金水宝,阿司匹林,,,,,,,,,
330,诺和平,拜糖苹,格华止,亚莫利,安博维,倍他乐克,伲福达,补达秀,,,,,,,,,,
331,格华止,达美康,阿法迪三,来适可,缬沙坦氨氯地平,,,,,,,,,,,,,
332,格华止,亚莫利,拜糖苹,弥可保,阿法迪三,钙尔奇d,奥克,,,,,,,,,,,
333,诺和锐,来得时,赛治,怡开,贝前列素钠,弥可保,科素亚,保列治,波利特,阿法迪三,,,,,,,,
334,格华止,诺和平,科素亚,拜阿司匹林,碳酸氢钠片,,,,,,,,,,,,,
335,亚莫利,格华止,阿法迪三,立普妥,敏使朗,,,,,,,,,,,,,
336,络活喜,安博维,阿魏酸哌嗪片,诺和灵,来得时,,,,,,,,,,,,,
337,达美康,拜糖平,格华止,来得时,立普妥,阿法迪三,,,,,,,,,,,,
338,捷诺维,格华止,,,,,,,,,,,,,,,,
339,立普妥,阿法迪三,拜糖苹,拜阿司匹林,皿治林,派瑞松,,,,,,,,,,,,
340,达美康,格华止,捷诺维,诺和平,立普妥,代文,倍他乐克,,,,,,,,,,,
341,络活喜,安博维,唐林,弥可保,立普妥,拜糖平,,,,,,,,,,,,
342,二甲双胍,,,,,,,,,,,,,,,,,
343,优泌乐,拜糖苹,拜糖苹,阿法迪三,立普妥,泰嘉,万爽力,,,,,,,,,,,
344,格华止,导升明,阿法迪三,碳酸钙d,福善美,,,,,,,,,,,,,
345,伲福达,拜阿司匹林,万爽力,怡开,金水宝,呋塞米,碳酸氢钠片,拜糖苹,开同,力平之,欧唐宁,诺和锐,诺和平,,,,,
346,诺和平,诺和锐,,,,,,,,,,,,,,,,
347,格华止,,,,,,,,,,,,,,,,,
348,格华止,达美康,来得时,捷诺维,弥可保,拜阿司匹林,可定,,,,,,,,,,,
349,格华止,诺和锐,来得时,安博诺,立普妥,阿法迪三,碳酸钙d,保列治,积大本特,弥可保,贝前列素钠,唐林,,,,,,
350,二甲双胍,奥克,达喜,胃复春,施慧达,阿法迪三,,,,,,,,,,,,
351,捷诺维,格华止,代文,力平之,,,,,,,,,,,,,,
352,格华止,,,,,,,,,,,,,,,,,
353,格华止,立普妥,,,,,,,,,,,,,,,,
354,格华止,亚莫利,捷诺维,来得时,络活喜,拜阿司匹林,阿法迪三,钙尔奇d,易善复,,,,,,,,,
355,门冬胰岛素,甘精胰岛素,左氧氟沙星,阿托伐他汀,拜糖平,,,,,,,,,,,,,
356,格华止,,,,,,,,,,,,,,,,,
357,诺和平,格华止,拜糖苹,亚莫利,立普妥,缬沙坦氨氯地平,贝前列素钠,,,,,,,,,,,
358,诺和平,亚莫利,左甲状腺素片,尼福达,安博维,阿法迪三,奥克,,,,,,,,,,,
359,诺和锐,格华止,拜糖苹,安博维,弥可保,立普妥,谷维素,阿法迪三,导升明,,,,,,,,,
360,诺和锐,拜糖苹,拜糖苹,阿法迪三,金水宝,弥可保,,,,,,,,,,,,
361,拜糖苹,哈乐,钙尔奇d,阿法迪三,,,,,,,,,,,,,,
362,诺和锐,诺和平,格华止,强的松,奥克,安博维,阿法迪三,钙尔奇d,复合维生素b片,,,,,,,,,
363,来得时,亚莫利,拜糖平,立普妥,安博维,倍他乐克缓释片,弥可保,,,,,,,,,,,
364,诺和平,诺和锐,二甲双胍,,,,,,,,,,,,,,,
365,门冬胰岛素,甘精胰岛素,格华止,,,,,,,,,,,,,,,
366,优泌乐,迈之灵,恩替卡韦分散片,阿德福韦酯胶囊,熊去氧胆酸胶囊,利加隆,易善复,开同,金水宝,螺内酯,罗盖全,,,,,,,
367,诺和锐,格华止,拜糖平,怡开,代文,立普妥,阿斯匹林肠溶片,西乐葆,弥可保,阿法迪三,碳酸钙d,维固力,,,,,,
368,格华止,,,,,,,,,,,,,,,,,
369,诺和锐,诺和平,,,,,,,,,,,,,,,,
370,拜糖苹,瑞易宁,来得时,立普妥,拜阿司匹林,,,,,,,,,,,,,
371,优泌乐,立普妥,,,,,,,,,,,,,,,,
372,格华止,捷诺维,拜糖苹,络活喜,缬沙坦,利加隆,易善复,可乐必妥,,,,,,,,,,
373,达美康,拜糖苹,波利特,,,,,,,,,,,,,,,
374,门冬胰岛素,甘精胰岛素,华法林,,,,,,,,,,,,,,,
375,诺和平,诺和锐,拜糖苹,维格列汀,倍他乐克缓释片,拜新同,安博维,立普妥,保列治,,,,,,,,,
376,格华止,达美康,拜阿司匹林,倍他乐克缓释片,,,,,,,,,,,,,,
377,门冬胰岛素,,,,,,,,,,,,,,,,,
378,格华止,力平之,佰莫亭,阿法迪三,贝前列腺素钠,弥可保,,,,,,,,,,,,
379,格华止,拜糖苹,诺和锐,弥可保,立普妥,拜阿司匹林,迈之灵,,,,,,,,,,,
380,来得时,诺和锐,捷诺维,力平之,,,,,,,,,,,,,,
381,诺和锐,捷诺维,格华止,拜阿司匹林,倍他乐克,倍博特,哈乐,,,,,,,,,,,
382,诺和锐,拜糖平,代文,倍他乐克缓释片,立普妥,拜阿斯匹林,怡开,金水宝,开同,碳酸氢钠,,,,,,,,
383,诺和锐,来得时,格华止,安博维,奥克,贝前列素钠,保肾康,金水宝,,,,,,,,,,
384,诺和平,亚莫利,捷诺维,拜糖苹,立普妥,络活喜,倍他乐克,拜阿司匹林,依姆多,万爽力,波利维,,,,,,,
385,立普妥,拜阿司匹林,二甲双胍,达美康,怡开,甲钴胺,阿法迪三,络活喜,,,,,,,,,,
386,二甲双胍,立普妥,络活喜,卡托普利,阿法迪三,,,,,,,,,,,,,
387,二甲双胍,捷诺维,诺和平,,,,,,,,,,,,,,,
388,诺和锐,格华止,拜糖苹,溴隐亭,氯硝西泮,欣百达,,,,,,,,,,,,
389,格华止,达美康,怡开,,,,,,,,,,,,,,,
390,拜阿斯匹林,,,,,,,,,,,,,,,,,
391,怡开,弥可保,可乐必妥,立普妥,博苏,倍博特,,,,,,,,,,,,
392,格华止,达美康,易善复,利加隆,来适可,拜阿司匹林,,,,,,,,,,,,
393,格华止,络活喜,立普妥,,,,,,,,,,,,,,,
394,诺和龙,拜糖苹,诺和平,阿法迪三,弥可保,立普妥,怡开,,,,,,,,,,,
395,格华止,捷诺维,亚莫利,代文,,,,,,,,,,,,,,
396,立普妥,钙尔奇d,阿法迪三,福善美,拜糖平,诺和平,,,,,,,,,,,,
397,诺和平,拜糖平,格华止,捷诺维,亚莫利,代文,络活喜,立普妥,拜阿斯匹林,黄葵,金水宝,阿魏酸哌嗪,,,,,,
398,格华止,捷诺维,,,,,,,,,,,,,,,,
399,诺和锐,来得时,络活喜,科素亚,保肾片,益肾丸,优甲乐,弥可保,可定,,,,,,,,,
400,诺和锐,诺和平,阿法迪三,,,,,,,,,,,,,,,
401,格华止,立普妥,阿法迪三,钙尔奇d,波依定,安博维,,,,,,,,,,,,
402,格华止,亚莫利,可定,拜阿司匹林,缬沙坦氨氯地平,博苏,,,,,,,,,,,,
403,格华止,达美康,雷替斯,,,,,,,,,,,,,,,
404,诺和锐,立普妥,甲氨蝶呤,帕夫林,来氟米特,,,,,,,,,,,,,
405,亚莫利,捷诺维,格华止,易善复,,,,,,,,,,,,,,
406,拜糖平,诺和锐,诺和平,金水宝,海昆肾喜胶囊,开同,弥可保,怡开,金纳多,康士得,依姆多,波利维,立普妥,万爽力,拜阿司匹林,琥珀酸美托洛尔缓释片,波利特,多糖铁复合物胶囊
407,诺和锐,波依定,代文,拜复乐,顺尔宁,吉诺通,立普妥,弥可保,贝前列素钠,,,,,,,,,
408,二甲双胍,瑞易宁,,,,,,,,,,,,,,,,
409,苯溴马隆,格华止,,,,,,,,,,,,,,,,
410,诺和锐,立普妥,,,,,,,,,,,,,,,,
411,格华止,亚莫利,络活喜,立普妥,拜阿司匹林,怡开,爱若华,,,,,,,,,,,
412,诺和锐,来得时,阿法迪三,维固力,弥可保,怡开,博路定,,,,,,,,,,,
413,诺和锐,诺和平,格华止,立普妥,弥可保,怡开,贝前列素钠,导升明,可乐必妥,,,,,,,,,
414,诺和锐,来得时,二甲双胍,,,,,,,,,,,,,,,
415,诺和锐,诺和平,,,,,,,,,,,,,,,,
416,诺和锐,弥可保,导升明,立普妥,格华止,金水宝,拜阿司匹林,洛丁新,,,,,,,,,,
417,格华止,亚莫利,安立泽,拜糖苹,立普妥,导升明,优甲乐,,,,,,,,,,,
418,来得时,诺和锐,格华止,拜糖苹,贝前列素钠,弥可保,导升明,立普妥,安博维,,,,,,,,,
419,诺和锐,诺和平,,,,,,,,,,,,,,,,
420,诺和锐,诺和平,格华止,阿法迪三,,,,,,,,,,,,,,
421,来得时,拜糖苹,立普妥,波利维,阿司匹林,氨氯地平,海昆肾喜,阿魏酸哌嗪片,,,,,,,,,,
422,诺和锐,来得时,格华止,,,,,,,,,,,,,,,
423,门冬胰岛素,地特胰岛素,阿法迪三,易善复,利加隆,厄贝沙坦,,,,,,,,,,,,
424,二甲双胍,,,,,,,,,,,,,,,,,
425,诺和锐,立普妥,利加隆,,,,,,,,,,,,,,,
426,诺和锐,二甲双胍,伲福达,来得时,立普妥,,,,,,,,,,,,,
427,阿司匹林,格华止,立普妥,代文,易善复,贝前列素钠,,,,,,,,,,,,
428,诺和锐,格华止,卡博平,卡博平,卡博平,阿魏酸哌嗪片,倍他乐克,安博维,络活喜,拜阿司匹林,立普妥,依姆多,,,,,,
429,诺和锐,来得时,弥可保,怡开,,,,,,,,,,,,,,
430,格华止,波依定,立普妥,碳酸钙d,阿法迪三,,,,,,,,,,,,,
431,来得时,拜糖平,多达一,亚莫利,金水宝,,,,,,,,,,,,,
432,拜糖平,施慧达,立普妥,保列治,银杏叶片,,,,,,,,,,,,,
433,格华止,诺和龙,诺和龙,立普妥,,,,,,,,,,,,,,
434,来得时,拜糖平,诺和龙,奥克,倍他乐克缓释片,络活喜,立普妥,拜阿司匹林,补达秀,阿法迪三,,,,,,,,
435,诺和锐,格华止,拜糖平,络活喜,,,,,,,,,,,,,,
436,拜新同,安博诺,捷诺维,格华止,亚莫利,力平之,阿法迪三,,,,,,,,,,,
437,代文,立普妥,拜阿司匹林,,,,,,,,,,,,,,,
438,格华止,,,,,,,,,,,,,,,,,
439,甘精胰岛素,拜复乐,,,,,,,,,,,,,,,,
440,诺和平,诺和锐,雷替斯,,,,,,,,,,,,,,,
441,格华止,安博维,力平之,弥可保,,,,,,,,,,,,,,
442,来得时,诺和锐,二甲双胍,阿法迪三,怡开,弥可保,,,,,,,,,,,,
443,来得时,诺和锐,拜糖苹,波依定,立普妥,拜阿司匹林,怡开,,,,,,,,,,,
444,诺和锐,来得时,阿司匹林,倍他乐克,安博维,依姆多,立普妥,阿法迪三,开同,保肾康,金水宝,,,,,,,
445,诺和锐,来得时,阿卡波糖,立普妥,科素亚,泰嘉,,,,,,,,,,,,
446,诺和锐,弥可保,立普妥,,,,,,,,,,,,,,,
447,达美康,拜糖平,,,,,,,,,,,,,,,,
448,诺和锐,拜糖苹,,,,,,,,,,,,,,,,
449,代文,格华止,亚莫利,拜糖平,立普妥,阿法迪三,,,,,,,,,,,,
450,诺和龙,拜糖苹,金水宝,,,,,,,,,,,,,,,
451,亚莫利,阿法迪三,雷替斯,信卫安,弥可保,唐林,,,,,,,,,,,,
452,二甲双胍,易善复,,,,,,,,,,,,,,,,
453,诺和锐,来得时,甲钴胺片,枸橼酸莫沙比利,氯硝西泮,,,,,,,,,,,,,
454,拜糖苹,乐喜林,立普妥,氯硝西泮,喜普妙,,,,,,,,,,,,,
455,诺和锐,诺和平,络活喜,洛丁新,拜复乐,,,,,,,,,,,,,
456,诺和锐,来得时,格华止,拜糖苹,弥可保,,,,,,,,,,,,,
457,二甲双胍,拜糖苹,,,,,,,,,,,,,,,,
458,诺和锐,来得时,格华止,拜糖苹,缬沙坦氨氯地平,弥可保,贝前列素钠,阿法迪三,福善美,立普妥,,,,,,,,
459,诺和锐,来得时,拜糖苹,络活喜,骨化三醇软胶囊,钙尔奇d,福善美,立普妥,,,,,,,,,,
460,诺和锐,格华止,立普妥,拜复乐,,,,,,,,,,,,,,
461,来得时,诺和锐,拜糖平,立普妥,络活喜,阿法迪三,钙尔奇d,福善美,,,,,,,,,,
462,格华止,怡开,奥克,金水宝,维固力,安必丁,,,,,,,,,,,,
463,格华止,立普妥,,,,,,,,,,,,,,,,
464,诺和锐,诺和平,,,,,,,,,,,,,,,,
465,拜糖苹,格华止,亚莫利,弥可保,立普妥,钙尔奇d,阿法迪三,福善美,络活喜,,,,,,,,,
466,诺和锐,诺和平,立普妥,阿法骨化醇软胶囊,复合维生素b,易善复,利加隆,,,,,,,,,,,
467,格华止,安立泽,易善复,络活喜,科索亚,,,,,,,,,,,,,
468,格华止,立普妥,拜阿司匹林,,,,,,,,,,,,,,,
469,百泌达,诺和平,二甲双胍,唐林,弥可保,,,,,,,,,,,,,
470,诺和平,诺和锐,倍博特,立普妥,甲钴胺片,,,,,,,,,,,,,
471,亚莫利,拜糖苹,络活喜,阿法迪三,立普妥,,,,,,,,,,,,,
472,拜糖苹,捷诺维,阿托伐他汀,,,,,,,,,,,,,,,
473,格华止,捷诺维,倍他乐克,美卡素,立普妥,益适纯,拜阿司匹林,阿法迪三,,,,,,,,,,
474,优泌乐,弥可保,立普妥,,,,,,,,,,,,,,,
475,格华止,洛汀新,波依定,易善复,耐信,弥可保,,,,,,,,,,,,
476,诺和锐,诺和平,二甲双胍,可多华,保列治,尼麦角林,立普妥,弥可保,唐林,钙尔奇,阿法迪三,,,,,,,
477,阿法骨化醇软胶囊,碳酸钙d,,,,,,,,,,,,,,,,
478,诺和锐,来得时,阿法迪三,碳酸钙d,,,,,,,,,,,,,,
479,格华止,诺和龙,弥可保,,,,,,,,,,,,,,,
480,诺和平,诺和锐,拜糖苹,怡开,唐林,弥可保,可定,喜普妙,阿法迪三,钙尔奇d,,,,,,,,
481,来得时,欧唐宁,拜糖平,诺和龙,,,,,,,,,,,,,,
482,拜糖平,骨化三醇软胶囊,保肾康,速力菲,甲钴胺片,泰嘉,立普妥,保列治,,,,,,,,,,
483,格华止,,,,,,,,,,,,,,,,,
484,格华止,立普妥,安博维,拜新同,怡开,,,,,,,,,,,,,
485,诺和锐,,,,,,,,,,,,,,,,,
486,达美康,卡博平,捷诺维,力平之,耐信,阿法迪三,科素亚,怡开,迈之灵,,,,,,,,,
487,格华止,达美康,拜糖苹,力平之,科索亚,,,,,,,,,,,,,
488,诺和平,诺和锐,格华止,捷诺维,格华止,立普妥,阿法迪三,钙尔奇d,拜新同,安博维,甲钴胺片,迈之灵,善存,,,,,
489,立普妥,代文,,,,,,,,,,,,,,,,
490,诺和锐,来得时,拜糖苹,阿法迪三,碳酸钙d,金水宝,奥克,立普妥,弥可保,怡开,加斯清,导升明,,,,,,
491,格华止,可定,唐林,弥可保,拜阿司匹林,,,,,,,,,,,,,
492,格华止,波利特,克拉霉素缓释片,阿法迪三,,,,,,,,,,,,,,
493,诺和锐,拜糖苹,弥可保,胰激肽原酶肠溶片,钙尔奇d,阿法迪三,,,,,,,,,,,,
494,诺和锐,诺和锐,诺和锐,诺和平,格华止,弥可保,怡开,代文,金水宝,,,,,,,,,
495,诺和锐,来得时,格华止,立普妥,络活喜,倍他乐克缓释片,,,,,,,,,,,,
496,阿卡波糖,力平之,,,,,,,,,,,,,,,,
497,诺和锐,金水宝,保肾康,立普妥,,,,,,,,,,,,,,
498,来得时,雷替斯,利可君,诺和锐,,,,,,,,,,,,,,
499,二甲双胍,亚莫利,阿法迪三,加斯清,弥可保,,,,,,,,,,,,,
500,糖适平,拜糖苹,络活喜,安博维,眩晕宁片,乐喜林,波立维,,,,,,,,,,,
501,诺和锐,拜糖苹,阿法迪三,碳酸钙d,思美泰,贝前列素钠,恩替卡韦分散片,金水宝,科素亚,甲硝唑,,,,,,,,
502,捷诺维,格华止,拜糖苹,来得时,阿司匹林,络活喜,立普妥,阿法迪三,,,,,,,,,,
503,来得时,格华止,捷诺维,亚莫利,钙尔奇,阿法迪三,维固力,代文,拜阿司匹林,立普妥,唐林,贝前列素钠,弥可保,福善美,,,,
504,格华止,,,,,,,,,,,,,,,,,
505,格华止,可定,易善复,利加隆,,,,,,,,,,,,,,
506,格华止,阿法迪三,弥可保,安博维,易善复,百赛诺,,,,,,,,,,,,
507,格华止,诺和平,百赛诺,,,,,,,,,,,,,,,
508,格华止,拜糖平,拜新同,立普妥,拜阿司匹林,,,,,,,,,,,,,
509,怡开,左洛复,加斯清,耐信,优甲乐,肾炎康复片,,,,,,,,,,,,
510,二甲双胍,诺和力,利加隆,弥可保,立普妥,金水宝,,,,,,,,,,,,
511,诺和平,拜糖苹,格华止,诺和龙,立普妥,弥可保,贝前列素钠,,,,,,,,,,,
512,诺和锐,诺和锐,华法林,,,,,,,,,,,,,,,
513,门冬胰岛素,甘精胰岛素,络活喜,阿司匹林,瑞舒伐他汀,,,,,,,,,,,,,
514,拜糖苹,安立泽,阿法迪三,钙尔奇d,立普妥,富露施,,,,,,,,,,,,
515,格华止,捷诺维,立普妥,奥克,弥可保,贝前列素钠,,,,,,,,,,,,
516,格华止,瑞易宁,立普妥,拜新同,拜阿司匹林,甲钴胺,阿法迪三,福善美,,,,,,,,,,
517,格华止,捷诺维,亚莫利,,,,,,,,,,,,,,,
518,诺和锐,力平之,,,,,,,,,,,,,,,,
519,来得时,诺和锐,,,,,,,,,,,,,,,,
520,格华止,达美康,代文,钙尔奇,阿法迪三,,,,,,,,,,,,,
521,来得时,诺和锐,拜糖平,代文,波依定,立普妥,,,,,,,,,,,,
522,诺和锐,来得时,阿法迪三,碳酸钙d,,,,,,,,,,,,,,
523,诺和锐,络活喜,代文,立普妥,骨化三醇软胶囊,弥可保,唐林,哈乐,,,,,,,,,,
524,格华止,骨化三醇软胶囊,易善复,百赛诺,,,,,,,,,,,,,,
525,诺和锐,诺和平,拜糖苹,代文,波依定,立普妥,拜阿司匹林,钙尔奇,阿法迪三,迈之灵,奥克,,,,,,,
526,格华止,科素亚,立普妥,阿法迪三,倍他乐克缓释片,弥可保,碳酸氢钠,谷维素,喜普妙,,,,,,,,,
527,格华止,达美康,安立泽,来得时,立普妥,代文,博苏,,,,,,,,,,,
528,格华止,亚莫利,捷诺维,代文,弥可保,立普妥,拜阿司匹林,,,,,,,,,,,
529,格华止,来得时,,,,,,,,,,,,,,,,
530,优泌乐,格华止,拜糖苹,阿法迪三,保列治,,,,,,,,,,,,,
531,格华止,力平之,,,,,,,,,,,,,,,,
532,格华止,达美康,立普妥,易善复,阿法迪三,钙尔奇d,,,,,,,,,,,,
533,优泌乐,格华止,络活喜,科素亚,博苏,立普妥,贝前列素钠,弥可保,钙尔奇d,阿法迪三,福善美,,,,,,,
534,阿法迪三,碳酸钙d,奥克,福善美,,,,,,,,,,,,,,
535,来得时,诺和锐,立普妥,,,,,,,,,,,,,,,
536,格华止,,,,,,,,,,,,,,,,,
537,拜糖平,,,,,,,,,,,,,,,,,
538,格华止,拜糖苹,立普妥,,,,,,,,,,,,,,,
539,门冬胰岛素,甘精胰岛素,厄贝沙坦,碳酸氢钠片,甲钴胺片,,,,,,,,,,,,,
540,来得时,格华止,弥可保,,,,,,,,,,,,,,,
541,达美康,卡博平,格华止,立普妥,波依定,,,,,,,,,,,,,
542,诺和锐,诺和平,甲钴胺,迈之灵,阿法迪三,,,,,,,,,,,,,
543,格华止,达美康,,,,,,,,,,,,,,,,
544,格华止,诺和龙,弥可保,怡开,阿法迪三,钙尔奇d,,,,,,,,,,,,
545,格华止,易善复,立普妥,阿法迪三,碳酸钙,,,,,,,,,,,,,
546,格华止,拜糖苹,依姆多,倍他乐克,波利维,弥可保,美卡素,可定,钙尔奇d,阿法迪三,,,,,,,,
547,拜糖苹,格华止,达美康,捷诺维,来得时,络活喜,弥可保,怡开,拜阿司匹林,,,,,,,,,
548,门冬胰岛素,甘精胰岛素,二甲双胍,阿法骨化醇软胶囊,碳酸钙d,甲钴胺片,,,,,,,,,,,,
549,优泌乐,格华止,,,,,,,,,,,,,,,,
550,拜糖苹,欧唐宁,诺和锐,来得时,络活喜,螺内酯,呋塞米,易善复,黄葵胶囊,金水宝,弥可保,迭力,华法林,,,,,
551,阿法迪三,,,,,,,,,,,,,,,,,
552,优泌乐,,,,,,,,,,,,,,,,,
553,诺和平,拜糖平,诺和龙,阿法迪三,拜新同,安博维,华法林,立普妥,,,,,,,,,,
554,格华止,弥可保,唐林,络活喜,,,,,,,,,,,,,,
555,格华止,,,,,,,,,,,,,,,,,
556,百泌达,诺和平,立普妥,拜新同,科素亚,,,,,,,,,,,,,
557,格华止,易善复,弥可保,,,,,,,,,,,,,,,
558,诺和锐,来得时,波立维,立普妥,钙尔奇d,弥可保,怡开,,,,,,,,,,,
559,格华止,百泌达,科素亚,拜新同,倍他乐克缓释片,易善复,利加隆,,,,,,,,,,,
560,拜糖苹,诺和龙,诺和平,安博维,碳酸钙d,罗盖全,雷替斯,依姆多,,,,,,,,,,
561,诺和灵,二甲双胍,缬沙坦,阿托伐他汀钙片,拜阿司匹林,金水宝,碳酸钙d,阿法骨化醇软胶囊,甲钴胺片,贝前列素钠,,,,,,,,
562,诺和锐,来得时,拜阿斯匹林,立普妥,络活喜,,,,,,,,,,,,,
563,格华止,达美康,来得时,保列治,哈乐,导升明,,,,,,,,,,,,
564,格华止,弥可保,,,,,,,,,,,,,,,,
565,诺和锐,诺和锐,钙尔奇d,阿法迪三,拜新同,泰嘉,立普妥,弥可保,耐信,,,,,,,,,
566,诺和锐,来得时,拜糖苹,赛治,阿法迪三,,,,,,,,,,,,,
567,亚莫利,格华止,百泌达,阿法迪三,碳酸钙d,雷替斯,,,,,,,,,,,,
568,诺和锐,来得时,唐林,弥可保,加巴喷丁,阿法迪三,钙尔奇,欣百达,,,,,,,,,,
569,诺和锐,阿法迪三,,,,,,,,,,,,,,,,
570,诺和锐,诺和平,阿法迪三,碳酸钙d,福善美,立普妥,,,,,,,,,,,,
571,格华止,拜糖苹,佳维乐,来得时,伲福达,倍他乐克,可定,拜阿司匹林,阿法迪三,,,,,,,,,
572,格华止,阿法迪三,钙尔奇,,,,,,,,,,,,,,,
573,诺和锐,诺和平,优甲乐,,,,,,,,,,,,,,,
574,格华止,力平之,阿法迪三,弥可保,贝前列腺素钠,导升明,安博维,黄葵,保肾康,,,,,,,,,
575,格华止,阿卡波糖,诺和锐,甘精胰岛素,阿法迪三,拜阿司匹林,氯吡格雷,,,,,,,,,,,
576,诺和锐,来得时,阿法迪三,,,,,,,,,,,,,,,
577,格华止,立普妥,,,,,,,,,,,,,,,,
578,格华止,达美康,代文,,,,,,,,,,,,,,,
579,来得时,格华止,拜糖苹,达美康,捷诺维,力平之,易善复,利加隆,阿法迪三,钙尔奇d,缬沙坦氨氯地平,,,,,,,
580,格华止,立普妥,阿法迪三,怡开,,,,,,,,,,,,,,
581,诺和锐,诺和平,阿法迪三,,,,,,,,,,,,,,,
582,格华止,阿法迪三,利加隆,易善复,,,,,,,,,,,,,,
583,诺和灵,拜糖苹,络活喜,阿托伐他汀钙片,氯吡格雷,依帕司他,胰激肽原酶肠溶片,甲钴胺片,迈之灵,钙尔奇d,阿法骨化醇软胶囊,,,,,,,
584,百泌达,格华止,唐林,弥可保,可定,易善复,安博维,倍他乐克,阿司匹林,,,,,,,,,
585,百泌达,易善复,百赛诺,络活喜,格华止,,,,,,,,,,,,,
586,格华止,立普妥,易善复,阿法迪三,,,,,,,,,,,,,,
587,拜糖苹,络活喜,倍他乐克缓释片,立普妥,拜阿斯匹林,,,,,,,,,,,,,
588,百泌达,倍他乐克,络活喜,依姆多,易善复,唐林,弥可保,,,,,,,,,,,
589,阿法迪三,立普妥,顺尔宁,,,,,,,,,,,,,,,
590,瑞易宁,格华止,来得时,波利特,拜阿斯匹林,立普妥,阿法迪三,钙尔奇,,,,,,,,,,
591,门冬胰岛素,甘精胰岛素,阿托伐他汀钙片,阿法骨化醇软胶囊,碳酸钙d,甲钴胺片,依帕司他,,,,,,,,,,,
592,拜阿司匹林,瑞舒伐他汀,,,,,,,,,,,,,,,,
593,诺和锐,来得时,拜糖平,拜阿司匹林,立普妥,雷贝拉唑,万爽力,呋塞米,螺内酯,,,,,,,,,
594,诺和平,安立泽,二甲双胍,,,,,,,,,,,,,,,
595,科素亚,阿法迪三,立普妥,补达秀,,,,,,,,,,,,,,
596,格华止,弥可保,,,,,,,,,,,,,,,,
597,二甲双胍,阿法迪三,立普妥,,,,,,,,,,,,,,,
598,格华止,拜糖苹,达美康,来得时,可定,阿法迪三,拜阿司匹林,碳酸钙d,,,,,,,,,,
599,甘精胰岛素,门冬胰岛素,,,,,,,,,,,,,,,,
600,诺和锐,格华止,卡博平,立普妥,阿法迪三,,,,,,,,,,,,,
601,诺和锐,诺和平,格华止,,,,,,,,,,,,,,,
602,阿司匹林,二甲双胍,来适可,拜糖苹,,,,,,,,,,,,,,
603,格华止,易善复,阿法迪三,,,,,,,,,,,,,,,
604,格华止,立普妥,,,,,,,,,,,,,,,,
605,优泌乐,二甲双胍,捷诺维,代文,,,,,,,,,,,,,,
606,诺和锐,拜糖苹,弥可保,,,,,,,,,,,,,,,
607,诺和锐,格华止,,,,,,,,,,,,,,,,
608,格华止,拜糖平,立普妥,博苏,倍博特,泰嘉,波利特,阿莫西林,可乐必妥,,,,,,,,,
609,格华止,缬沙坦氨氯地平,倍他乐克缓释片,非布司他,,,,,,,,,,,,,,
610,格华止,安立泽,诺和平,,,,,,,,,,,,,,,
611,诺和锐,来得时,雷替斯,阿法迪三,怡开,立普妥,,,,,,,,,,,,
612,达美康,二甲双胍,安立泽,,,,,,,,,,,,,,,
613,拜糖苹,糖适平,阿法迪三,,,,,,,,,,,,,,,
614,门冬胰岛素,,,,,,,,,,,,,,,,,
615,诺和锐,来得时,厄贝沙坦,贝前列素钠,弥可保,阿法迪三,利可君,泰嘉,雷贝拉唑,,,,,,,,,
616,拜糖苹,诺和锐,立普妥,拜阿司匹林,唐林,,,,,,,,,,,,,
617,格华止,亚莫利,安立泽,科素亚,非布司他,阿法迪三,,,,,,,,,,,,
618,拜糖苹,,,,,,,,,,,,,,,,,
619,格华止,捷诺维,立普妥,,,,,,,,,,,,,,,
620,格华止,拜糖苹,来得时,阿法迪三,钙尔奇d,,,,,,,,,,,,,
621,拜新同,诺和锐,阿托伐他汀,,,,,,,,,,,,,,,
622,诺和锐,来得时,格华止,拜糖平,拜阿司匹林,立普妥,雅施达,倍他乐克缓释片,,,,,,,,,,
623,格华止,亚莫利,安立泽,来得时,拜阿斯匹林,立普妥,倍他乐克缓释片,阿莫西林,,,,,,,,,,
624,诺和锐,波利特,阿莫西林,左氧氟沙星,立普妥,,,,,,,,,,,,,
625,门冬胰岛素,甘精胰岛素,拜糖苹,阿托伐他汀钙片,阿魏酸哌嗪,碳酸氢钠片,苯溴马隆,,,,,,,,,,,
626,格华止,达美康,碳酸钙d,阿法迪三,力平之,奥克,,,,,,,,,,,,
627,格华止,代文,可乐必妥,沐舒坦,立普妥,,,,,,,,,,,,,
628,格华止,阿法迪三,钙尔奇,代文,,,,,,,,,,,,,,
629,格华止,立普妥,阿法迪三,,,,,,,,,,,,,,,
630,达美康,二甲双胍,安立泽,可定,波立维,拜阿司匹林,贝前列素钠,弥可保,,,,,,,,,,
631,门冬胰岛素,甘精胰岛素,阿托伐他汀钙片,阿法骨化醇软胶囊,甲钴胺片,贝前列腺素钠片,,,,,,,,,,,,
632,雷贝拉唑,阿莫西林,克拉霉素缓释片,速立菲,,,,,,,,,,,,,,
633,门冬胰岛素,甘精胰岛素,,,,,,,,,,,,,,,,
634,格华止,阿法迪三,复合维生素b,,,,,,,,,,,,,,,
635,二甲双胍,,,,,,,,,,,,,,,,,
636,拜糖苹,,,,,,,,,,,,,,,,,
637,格华止,立普妥,,,,,,,,,,,,,,,,
638,捷诺维,阿法迪三,可定,拜阿司匹林,万爽力,格华止,,,,,,,,,,,,
639,诺和锐,甘精胰岛素,利加隆,,,,,,,,,,,,,,,
640,诺和平,诺和龙,拜糖苹,佳维乐,拜新同,科索亚,倍他乐克缓释片,非布司他,保列治,金水宝,黄葵胶囊,拜阿斯匹林,立普妥,,,,,
641,门冬胰岛素,来得时,拜糖平,格华止,安博维,倍他乐克,阿法迪三,,,,,,,,,,,
642,格华止,拜糖苹,立普妥,弥可保,贝前列腺素钠,,,,,,,,,,,,,
643,诺和锐,格华止,拜糖苹,利加隆,易善复,阿法迪三,钙尔奇,福善美,弥可保,,,,,,,,,
644,门冬胰岛素,来得时,拜糖平,络活喜,,,,,,,,,,,,,,
645,来得时,格华止,诺和龙,立普妥,,,,,,,,,,,,,,
646,门冬胰岛素,甘精胰岛素,立普妥,易善复,,,,,,,,,,,,,,
647,格华止,格华止,碳酸氢钠片,苯溴马隆,来得时,百泌达,,,,,,,,,,,,
648,诺和锐,来得时,赛治,怡开,贝前列素钠,弥可保,科素亚,保列治,阿法迪三,,,,,,,,,
649,诺和锐,诺和平,拜糖苹,,,,,,,,,,,,,,,
650,二甲双胍,立普妥,拜阿司匹林,导升明,弥可保,怡开,,,,,,,,,,,,
651,格华止,立普妥,,,,,,,,,,,,,,,,
652,诺和锐,诺和平,拜糖苹,羟氯喹,阿法骨化醇,,,,,,,,,,,,,
653,诺和锐,诺和平,,,,,,,,,,,,,,,,
654,二甲双胍,缬沙坦氨氯地平,阿法迪三,钙尔奇d,,,,,,,,,,,,,,
655,格华止,达美康,拜糖苹,弥可保,,,,,,,,,,,,,,
656,门冬胰岛素,甘精胰岛素,拜糖苹,,,,,,,,,,,,,,,
657,格华止,络活喜,阿法迪三,碳酸钙d,,,,,,,,,,,,,,
658,来得时,诺和锐,二甲双胍,伲福达,代文,金水宝,拜阿司匹林,可定,,,,,,,,,,
659,甘精胰岛素,门冬胰岛素,拜糖苹,二甲双胍,,,,,,,,,,,,,,
660,诺和锐,来得时,格华止,络活喜,倍他乐克缓释片,拜阿司匹林,立普妥,,,,,,,,,,,
661,海捷亚,波依定,格华止,拜糖苹,达美康,唐林,拜阿司匹林,立普妥,,,,,,,,,,
662,代文,阿法迪三,立普妥,泰嘉,,,,,,,,,,,,,,
663,卜可,立普妥,,,,,,,,,,,,,,,,
664,达美康,格华止,拜糖苹,,,,,,,,,,,,,,,
665,诺和锐,诺和平,甲钴胺片,醋酸泼尼松,兰索拉唑,,,,,,,,,,,,,
666,门冬胰岛素,来得时,,,,,,,,,,,,,,,,
667,格华止,代文,立普妥,拜阿司匹林,,,,,,,,,,,,,,
668,诺和锐,来得时,可乐必妥,,,,,,,,,,,,,,,
669,门冬胰岛素,甘精胰岛素,,,,,,,,,,,,,,,,
670,诺和锐,诺和平,钙尔奇,,,,,,,,,,,,,,,
671,二甲双胍,拜糖平,碳酸钙d,阿法骨化醇,立普妥,,,,,,,,,,,,,
672,优泌乐,格华止,拜糖苹,,,,,,,,,,,,,,,
673,格华止,拜糖苹,倍博特,立普妥,拜阿斯匹林,易善复,利加隆,,,,,,,,,,,
674,格华止,立普妥,阿法迪三,弥可保,,,,,,,,,,,,,,
675,来得时,达美康,格华止,科素亚,怡开,哈乐,阿法迪三,,,,,,,,,,,
676,格华止,拜阿司匹林,立普妥,代文,易善复,利加隆,钙尔奇d,善存,弥可保,导升明,,,,,,,,
677,格华止,百泌达,代文,络活喜,易善复,利加隆,怡开,,,,,,,,,,,
678,二甲双胍,维格列汀,科素亚,易善复,利加隆,氯化钾缓释片,,,,,,,,,,,,
679,诺和锐,来得时,拜糖苹,代文,倍他乐克,阿托伐他汀,拜阿司匹林,,,,,,,,,,,
680,诺和锐,格华止,安博维,金水宝,阿魏酸哌嗪片,唐林,怡开,拜阿司匹林,立普妥,耐信,,,,,,,,
681,诺和龙,拜糖苹,格华止,阿法迪三,钙尔奇,拜阿斯匹林,立普妥,,,,,,,,,,,
682,诺和锐,,,,,,,,,,,,,,,,,
683,诺和灵,来得时,阿法骨化醇软胶囊,钙尔奇d,拜糖苹,格华止,福善美,,,,,,,,,,,
684,诺和锐,来得时,阿法迪三,钙尔奇d,福善美,弥可保,硫辛酸,加巴喷丁,唐林,氯硝西泮,易善复,利加隆,,,,,,
685,格华止,科素亚,波依定,倍他乐克缓释片,可定,泰嘉,阿法迪三,,,,,,,,,,,
686,诺和锐,二甲双胍,,,,,,,,,,,,,,,,
687,络活喜,格华止,达美康,来得时,拜阿司匹林,立普妥,,,,,,,,,,,,
688,格华止,络活喜,,,,,,,,,,,,,,,,
689,诺和锐,来得时,,,,,,,,,,,,,,,,
690,诺和锐,立普妥,,,,,,,,,,,,,,,,
691,来得时,达美康,格华止,拜糖苹,立普妥,拜阿司匹林,黄葵,保肾康,阿法迪三,弥可保,唐林,,,,,,,
692,安立泽,二甲双胍,阿法迪三,,,,,,,,,,,,,,,
693,格华止,拜糖平,立普妥,拜阿司匹林,弥可保,维固力,西乐葆,,,,,,,,,,,
694,诺和锐,诺和平,格华止,弥可保,代文,络活喜,立普妥,依姆多,阿法迪三,,,,,,,,,
695,二甲双胍,捷诺维,波依定,立普妥,唐林,易善复,,,,,,,,,,,,
696,雷替斯,立普妥,奥克,二甲双胍,来得时,诺和锐,,,,,,,,,,,,
697,诺和锐,来得时,拜新同,立普妥,依姆多,甲钴胺片,怡开,开同,阿法迪三,,,,,,,,,
698,诺和锐,甘精胰岛素,二甲双胍,立普妥,氯化钾缓释片,,,,,,,,,,,,,
699,拜阿司匹林,可定,倍他乐克缓释片,万爽力,兰索拉唑,唐林,弥可保,诺和锐,诺和平,格华止,,,,,,,,
700,代文,络活喜,立普妥,阿法迪三,,,,,,,,,,,,,,
701,拜糖苹,拜新同,诺和锐,诺和平,氯氮平,,,,,,,,,,,,,
702,格华止,格华止,安立泽,,,,,,,,,,,,,,,
703,格华止,拜糖苹,捷诺维,来得时,拜阿司匹林,倍他乐克缓释片,立普妥,依姆多,万爽力,阿法骨化醇,贝前列腺素钠,弥可保,,,,,,
704,格华止,泰嘉,波依定,倍他乐克缓释片,阿法迪三,非布司他,,,,,,,,,,,,
705,诺和锐,诺和平,格华止,补达秀,阿法迪三,钙尔奇d,醋酸泼尼松,阿米替林,雷贝拉唑,,,,,,,,,
706,来得时,亚莫利,拜糖苹,格华止,捷诺维,科素亚,倍他乐克缓释片,络活喜,可定,拜阿司匹林,怡开,弥可保,导升明,别嘌醇,保列治,,,
707,诺和平,达美康,拜糖苹,洛汀新,倍他乐克缓释片,立普妥,拜阿司匹林,阿法迪三,钙尔奇d,,,,,,,,,
708,格华止,立普妥,,,,,,,,,,,,,,,,
709,诺和锐,诺和灵,波依定,立普妥,益适纯,唐林,阿法迪三,呋塞米片,开同,海昆肾喜胶囊,万爽力,依姆多,波利特,,,,,
710,诺和平,瑞易宁,格华止,捷诺维,立普妥,阿法迪三,洛汀新,波依定,拜阿司匹林,,,,,,,,,
711,优泌乐,拜糖苹,拜新同,倍他乐克缓释片,立普妥,碳酸氢钠片,怡开,金水宝,阿魏酸哌嗪,,,,,,,,,
712,格华止,捷诺维,唐林,弥可保,迭力,导升明,阿法迪三,立普妥,,,,,,,,,,
713,格华止,立普妥,阿法迪三,甲钴胺,怡开,,,,,,,,,,,,,
714,地特胰岛素,百泌达,格华止,拜阿司匹林,安博诺,倍他乐克缓释片,立普妥,阿法迪三,,,,,,,,,,
715,弥可保,贝前列腺素钠,唐林,立普妥,阿法迪三,拜阿司匹林,保列治,乐喜林,,,,,,,,,,
716,地特胰岛素,诺和锐,格华止,碳酸钙d,阿法迪三,立普妥,拜阿司匹林,,,,,,,,,,,
717,来得时,诺和锐,,,,,,,,,,,,,,,,
718,立普妥,阿法迪三,优泌乐,格华止,,,,,,,,,,,,,,
719,诺和锐,来得时,诺和龙,怡开,拜糖苹,拜阿司匹林,奥克,,,,,,,,,,,
720,诺和锐,诺和平,百赛诺,力平之,,,,,,,,,,,,,,
721,门冬胰岛素,甘精胰岛素,格华止,立普妥,阿法迪三,钙尔奇d,,,,,,,,,,,,
722,格华止,拜糖平,立普妥,阿法迪三,善存,,,,,,,,,,,,,
723,格华止,捷诺维,达美康,力平之,罗盖全,,,,,,,,,,,,,
724,格华止,拜糖苹,科素亚,拜阿司匹林,益适纯,,,,,,,,,,,,,
725,格华止,盖三淳,,,,,,,,,,,,,,,,
726,拜糖苹,诺和锐,络活喜,保列治,立普妥,,,,,,,,,,,,,
727,达美康,格华止,立普妥,倍他乐克缓释片,拜新同,安博诺,,,,,,,,,,,,
728,格华止,拜糖苹,拜阿司匹林,立普妥,科素亚,万爽力,碳酸氢钠,非布司他,优甲乐,阿法迪三,,,,,,,,
729,诺和锐,开同,罗盖全,波依定,科素亚,碳酸氢钠片,非布司他,立普妥,可多华,尼莫同,,,,,,,,
730,赛治,阿法迪三,拜糖苹,,,,,,,,,,,,,,,
731,格华止,捷诺维,代文,拜新同,可多华,易善复,利加隆,碳酸钙d,阿法迪三,依帕司他,,,,,,,,
732,百泌达,达美康,格华止,倍博特,拜阿司匹林,立普妥,阿法迪三,黄葵胶囊,,,,,,,,,,
733,百泌达,格华止,阿法迪三,易善复,缬沙坦氨氯地平,立普妥,,,,,,,,,,,,
734,格华止,格华止,诺和平,倍博特,阿法迪三,,,,,,,,,,,,,
735,二甲双胍,,,,,,,,,,,,,,,,,
736,拜糖苹,糖适平,捷诺维,来得时,唐林,弥可保,阿法迪三,拜阿司匹林,波立维,立普妥,倍他乐克,拜新同,欣康,波利特,代文,碳酸氢钠,,
737,诺和锐,诺和平,阿法迪三,弥可保,立普妥,泰嘉,依姆多,,,,,,,,,,,
738,优泌乐,格华止,立普妥,拜阿司匹林,代文,导升明,,,,,,,,,,,,
739,达美康,格华止,拜糖苹,络活喜,安博维,倍他乐克缓释片,波立维,拜阿司匹林,可定,信卫安,阿法迪三,,,,,,,
740,雅施达,速力菲,维生素c,阿法迪三,弥可保,钙尔奇d,善存,,,,,,,,,,,
741,诺和锐,拜糖苹,络活喜,罗盖全,立普妥,雷公藤多苷片,安博维,黄葵胶囊,,,,,,,,,,
742,诺和锐,弥可保,唐林,贝前列素钠,立普妥,阿法迪三,,,,,,,,,,,,
743,门冬胰岛素,甘精胰岛素,拜糖苹,碳酸钙d,阿法迪三,立普妥,培菲康,胃复春,,,,,,,,,,
744,格华止,利加隆,立普妥,络活喜,安博诺,,,,,,,,,,,,,
745,拜新同,立普妥,波利维,拜阿司匹林,,,,,,,,,,,,,,
746,格华止,拜糖苹,诺和龙,诺和平,立普妥,波依定,,,,,,,,,,,,
747,来得时,诺和锐,立普妥,拜阿司匹林,弥可保,唐林,培达,,,,,,,,,,,
748,诺和锐,,,,,,,,,,,,,,,,,
749,亚莫利,格华止,捷诺维,拜糖苹,可乐必妥,依姆多,立普妥,阿法迪三,信卫安,优甲乐,,,,,,,,
750,格华止,阿法迪三,立普妥,谷维素,甲钴胺,,,,,,,,,,,,,
751,科素亚,拜阿司匹林,亚莫利,格华止,,,,,,,,,,,,,,
752,诺和锐,格华止,捷诺维,拜糖苹,立普妥,阿法迪三,拜阿司匹林,弥可保,,,,,,,,,,
753,格华止,达美康,,,,,,,,,,,,,,,,
754,优泌乐,阿卡波糖,拜阿司匹林,波利维,立普妥,依姆多,波利特,哈乐,保列治,,,,,,,,,
755,格华止,捷诺维,诺和平,诺和锐,安博维,络活喜,立普妥,依姆多,万爽力,阿法迪三,希刻劳,,,,,,,
756,诺和锐,来得时,阿法迪三,弥可保,贝前列素钠,,,,,,,,,,,,,
757,来得时,格华止,瑞易宁,格华止,唐林,立普妥,拜阿司匹林,加巴喷丁,,,,,,,,,,
758,格华止,力平之,百泌达,易善复,利加隆,代文,络活喜,倍他乐克,阿法迪三,开同,奥克,,,,,,,
759,诺和灵,诺和锐,格华止,拜糖平,碳酸钙d,阿法迪三,来得时,,,,,,,,,,,
760,甘精胰岛素,格华止,达美康,拜糖苹,碳酸钙d,阿法迪三,立普妥,拜阿司匹林,敏使朗,福善美,,,,,,,,
761,二甲双胍,拜糖苹,甘精胰岛素,门冬胰岛素,阿司匹林,阿托伐他汀钙片,,,,,,,,,,,,
762,格华止,拜糖苹,诺和平,达美康,弥可保,立普妥,阿法迪三,洛汀新,拜阿司匹林,倍他乐克缓释片,,,,,,,,
763,优泌乐,格华止,络活喜,立普妥,阿法迪三,,,,,,,,,,,,,
764,甘精胰岛素,门冬胰岛素,阿司匹林,阿法迪三,钙尔奇d,,,,,,,,,,,,,
765,诺和平,格华止,捷诺维,拜糖苹,亚莫利,舒降之,阿法迪三,福善美,倍博特,甲钴胺片,,,,,,,,
766,拜糖苹,格华止,波依定,立普妥,阿法迪三,,,,,,,,,,,,,
767,格华止,碳酸钙d,,,,,,,,,,,,,,,,
768,诺和锐,诺和平,,,,,,,,,,,,,,,,
769,格华止,碳酸钙d,阿法迪三,力平之,,,,,,,,,,,,,,
770,欧唐宁,阿法迪三,钙尔奇d,甲钴胺片,碳酸氢钠片,开同,导升明,,,,,,,,,,,
771,格华止,拜糖苹,立普妥,科素亚,阿法迪三,易善复,,,,,,,,,,,,
772,拜糖苹,二甲双胍,厄贝沙坦,阿司匹林,阿托伐他汀钙片,甲钴胺片,胰激肽原酶肠溶片,,,,,,,,,,,
773,诺和锐,诺和平,弥可保,拜糖苹,阿法迪三,导升明,,,,,,,,,,,,
774,拜糖平,优泌乐,碳酸钙d,阿法迪三,福善美,拜阿司匹林,立普妥,,,,,,,,,,,
775,二甲双胍,拜糖苹,阿司匹林,,,,,,,,,,,,,,,
776,诺和平,诺和龙,拜糖苹,格华止,雅施达,拜新同,立普妥,阿法迪三,倍他乐克,,,,,,,,,
777,格华止,拜糖苹,立普妥,波立维,阿法迪三,雅施达,络活喜,倍他乐克,,,,,,,,,,
778,诺和锐,格华止,拜糖平,阿法迪三,福善美,钙尔奇d,,,,,,,,,,,,
779,地特胰岛素,门冬胰岛素,二甲双胍,阿法迪三,钙尔奇d,,,,,,,,,,,,,
780,格华止,拜阿司匹林,立普妥,依姆多,络活喜,,,,,,,,,,,,,
781,诺和锐,诺和平,拜糖苹,格华止,阿法迪三,碳酸氢钠片,苯溴马隆,可定,倍他乐克缓释片,代文,拜阿司匹林,维固力,,,,,,
782,优泌乐,格华止,格华止,立普妥,拜阿司匹林,波依定,倍他乐克缓释片,,,,,,,,,,,
783,格华止,立普妥,阿法迪三,洛汀新,倍他乐克缓释片,弥可保,怡开,迈之灵,钙尔奇d,善存,,,,,,,,
784,诺和锐,拜糖平,阿法迪三,立普妥,泰嘉,,,,,,,,,,,,,
785,诺和锐,来得时,可乐必妥,,,,,,,,,,,,,,,
786,卜可,阿法迪三,,,,,,,,,,,,,,,,
787,左氧氟沙星,安博维,波依定,利加隆,易善复,格华止,,,,,,,,,,,,
788,拜糖苹,诺和平,诺和锐,络活喜,万爽力,维固力,阿法迪三,迈之灵,信卫安,,,,,,,,,
789,门冬胰岛素,捷诺维,碳酸钙d,阿法迪三,依帕司他,立普妥,捷诺维,福善美,,,,,,,,,,
790,诺和平,格华止,拜糖苹,倍他乐克缓释片,阿法迪三,立普妥,,,,,,,,,,,,
